YeLing7,yuelunyang
YeLing7,jjpprrrr
yuelunyang,jjpprrrr
jlcdev,Portal-P
jlcdev,Niles_XIII
Portal-P,Niles_XIII
vidyasagar,pradeepsaiu
rohlfing,galval28
rohlfing,steveman1123
galval28,steveman1123
jenniferqian,ayc3ue
mspettel,WilliXL
mspettel,tjong1998
WilliXL,tjong1998
eddiejiao,adevor
eddiejiao,laurho
adevor,laurho
spencersyen,yuanmonkey
spencersyen,connorlin
yuanmonkey,connorlin
Theo-,ruoyutao
huyle333,dmpei
huyle333,mikelagoma
dmpei,mikelagoma
teresaliu20,nishelat
teresaliu20,melissajwen
nishelat,melissajwen
martiserra,galaxyfeeder
jetdude27,TomMcL
jetdude27,jsharm
TomMcL,jsharm
simonguozirui,williamqin
simonguozirui,samueldsun
williamqin,samueldsun
RodMat,paulegan
RodMat,phillipcaudell
paulegan,phillipcaudell
WilliG,RobertStark
WilliG,PetrykowskiM
RobertStark,PetrykowskiM
HamzaGhani,Ifor
onis,PawelKupsc
onis,mborkowska0204
PawelKupsc,mborkowska0204
heidihuang,kelvinfcho
heidihuang,ericschade
kelvinfcho,ericschade
lalaninatl,Penguinologist
lalaninatl,tzhang13
Penguinologist,tzhang13
QuadmasterXLII,floryst_
razvangeangu,taniacopocean
razvangeangu,voicilaana
taniacopocean,voicilaana
timotius,devchuk
timotius,Flak
devchuk,Flak
danielana,iYung
danielana,michaelburgess96
iYung,michaelburgess96
alexbeals,mgirouard23
alexbeals,AndrewOgren
mgirouard23,AndrewOgren
kibowman,mspettel
kibowman,tjong1998
mspettel,tjong1998
Scub3d,AdilVirani
jalvarado91,takashiw
jalvarado91,mcgomez
takashiw,mcgomez
davei1,croissant
davei1,adamkchew
croissant,adamkchew
0legg,charuzard
0legg,kattim
charuzard,kattim
pandelis,sprusr
pandelis,mattburman
sprusr,mattburman
AdamMcNeilly,xade
AdamMcNeilly,sirhype
xade,sirhype
GlennRen,zeusingy
GlennRen,brandongrinkemeyer
zeusingy,brandongrinkemeyer
OliviaOng,zyq092893
Esting610,heyellieday
Esting610,NogaRaviv
heyellieday,NogaRaviv
haseebasif,cwtausif
haseebasif,hmxa
cwtausif,hmxa
hbukhari,ahsanfarooqui
hbukhari,NoumanZeb
ahsanfarooqui,NoumanZeb
WilliG,RobertStark
WilliG,aron-kunze
RobertStark,aron-kunze
aathalye,turbomaze
aathalye,loganengstrom
turbomaze,loganengstrom
kartiktalwar,xLegoz
kartiktalwar,MichaelYoo99
xLegoz,MichaelYoo99
paulsonnentag,timgrossmann
epicshaunak,arjunds
sharadbags,mattprivman
sharadbags,markabachman
mattprivman,markabachman
markoblad,citynorman
thesamster,shankar2196
thesamster,chchengg
shankar2196,chchengg
chenbill96,mdimic
chenbill96,VeljkoDimic
mdimic,VeljkoDimic
iYung,CaraYung
iYung,Coogrr
CaraYung,Coogrr
RBdevelop,brennen
EminemPL,landtanin
EminemPL,TAISHIWH
landtanin,TAISHIWH
0x60,ThomasMChen
xrf,abril427
xrf,harshita-gupta
abril427,harshita-gupta
mray190,ackersean03
mray190,dkonik
ackersean03,dkonik
mllobet,jordanburgess
mllobet,npentrel
jordanburgess,npentrel
cozma,lconti97
cozma,akshaytech
lconti97,akshaytech
samshadwell,DnlRKorn
samshadwell,CryoBrown
DnlRKorn,CryoBrown
pranavharathi,ianjjohnson
pranavharathi,caiismyname
ianjjohnson,caiismyname
gavy,abiramikv
michaelrccurtis,skywritergr
michaelrccurtis,dp21g
skywritergr,dp21g
soraya,yinchengng
soraya,in4maniac
yinchengng,in4maniac
thomasmetta,luochenhuan
thomasmetta,peterchu
luochenhuan,peterchu
AroundTheLines,exme
AroundTheLines,shanpruthi
exme,shanpruthi
IanOlin,poosomooso
IanOlin,JaredBriskman
poosomooso,JaredBriskman
sagar7p,MakePLAN
sagar7p,robertwu
MakePLAN,robertwu
brianyang,hunterboybrian
brianyang,nicholaswalsh
hunterboybrian,nicholaswalsh
JessGillan,Khorn
JessGillan,Jadeswordy
Khorn,Jadeswordy
omgimanerd,noobbyte
omgimanerd,HowYellow
noobbyte,HowYellow
cgavrilete,Litemode
cgavrilete,pvskaarup
Litemode,pvskaarup
chrisgervang,jake-g
chrisgervang,APuri
jake-g,APuri
japesinator,ehennenfent
japesinator,ianklatzco
ehennenfent,ianklatzco
clemon,Kesav
clemon,ChrisZelazo
Kesav,ChrisZelazo
sylvester,buiducanh
sylvester,stephenhuh
buiducanh,stephenhuh
mystor,jpittis
mystor,maxbittker
jpittis,maxbittker
kfrankc,Ruthjohnson
indersingh,RitwikSaikia
Ben4132L,iantuioti
Ben4132L,cindyluu
iantuioti,cindyluu
josephkhawly,imshivs
josephkhawly,AllenOsgood
imshivs,AllenOsgood
Kuroba,neery1218
Kuroba,jeffreyxiao
neery1218,jeffreyxiao
fwilson42,jwoglom
fwilson42,laudiacay
jwoglom,laudiacay
nickforall,boltgolt
nickforall,notSufi
boltgolt,notSufi
janvi,vickishaw94
janvi,tinaho94
vickishaw94,tinaho94
aspin,Benolds
aspin,DhruvPuru
Benolds,DhruvPuru
devinmancuso,justintfrost
blockbase,lerigner
blockbase,CrisPSN
lerigner,CrisPSN
EtieneDalcol,lionelchok
EtieneDalcol,Eduardoac
lionelchok,Eduardoac
minos,sophiaxu
christielau,sandeepzgk
christielau,Maikel
sandeepzgk,Maikel
TiagoP1,pelf
stevehan,satjot
stevehan,gibsonhu
satjot,gibsonhu
HelpHouston,joelcook
HelpHouston,kenton
joelcook,kenton
Kevin6766W,pmckee
tandles,syclik
tandles,brokenpipe
syclik,brokenpipe
weekOff,ngzhian
weekOff,chewmarilyn
ngzhian,chewmarilyn
Nesh108,chandanjog
preichenberger,superplasticmilk
preichenberger,swarmnyc
superplasticmilk,swarmnyc
chrisnager,clintonhalpin
chrisnager,iamnickvolpe
clintonhalpin,iamnickvolpe
Jessicardo,Ruworks
Jessicardo,Jas3TheAce
Ruworks,Jas3TheAce
grandnexus,Mingling94
grandnexus,hadios
Mingling94,hadios
mvd7793,nhandler
qwertyflagstop,DavisFoster
qwertyflagstop,walshie4
DavisFoster,walshie4
angeqyang,tre23
angeqyang,Kairi700
tre23,Kairi700
NickTikhonov,TeamOminousLogo
NickTikhonov,zigger_ab
TeamOminousLogo,zigger_ab
phrayezzen,Abhipray
phrayezzen,eddiedugan
Abhipray,eddiedugan
Shrugs,benzweig
Shrugs,bd452
benzweig,bd452
sehmon3,Andyval1
NickTikhonov,zigger_ab
NickTikhonov,mkustikova
zigger_ab,mkustikova
kwokh,neilparikh
kwokh,ArkadyArk
neilparikh,ArkadyArk
AliA5,MuhammadUbaid
AliA5,amnamajid76
MuhammadUbaid,amnamajid76
JonathanKau,JustinHo
JonathanKau,simplyianm
JustinHo,simplyianm
yousufmsoliman,yeongwoo
yousufmsoliman,carolinehermans
yeongwoo,carolinehermans
aryasolhi,ryanmarks
aryasolhi,kgoforth
ryanmarks,kgoforth
ArkadyArk,ziembaje
ArkadyArk,mattleyland
ziembaje,mattleyland
xuanji,linksku
xuanji,jamarshon
linksku,jamarshon
renemiller3,Jkalas
renemiller3,keelerh
Jkalas,keelerh
crosset2,matthewige
choicefresh,parisa_kianmajd
choicefresh,gkowligi
parisa_kianmajd,gkowligi
wynd07,renxinhe
wynd07,twistedladder
renxinhe,twistedladder
jfking01,jordan24
jfking01,thebestteamathackrice
jordan24,thebestteamathackrice
SuyashLakhotia,bobby002
SuyashLakhotia,nikv96
bobby002,nikv96
jeradesign,johnsokol
nickihm,emilyduong
nickihm,msgrasser
emilyduong,msgrasser
mihaibujanca,ionambrinoc
mihaibujanca,andreea_marzoca
ionambrinoc,andreea_marzoca
Arbixal,KennardConsulting
Arbixal,Megabyte
KennardConsulting,Megabyte
carlwoodward,philbrown
lowellbander,SearchSamara
lowellbander,smottley
SearchSamara,smottley
agola11,jbolling
agola11,tobrund
jbolling,tobrund
josneville,swalder2
amaldona,shellguo95
amaldona,rishab96
shellguo95,rishab96
aalireza,vchan9
aalireza,skewerb
vchan9,skewerb
yousufmsoliman,yeongwoo
yousufmsoliman,carolinehermans
yeongwoo,carolinehermans
timotius,ijoosong
timotius,xuanji
ijoosong,xuanji
slithytove2,peterklipfel
slithytove2,Seberius
peterklipfel,Seberius
air23zj,ffnc1020
air23zj,coolyw
ffnc1020,coolyw
ellipticaldoor,adhiwie
ellipticaldoor,gcasacuberta
adhiwie,gcasacuberta
siranachronist,mohammadadib
siranachronist,zimraanhamid
mohammadadib,zimraanhamid
harishankar,rahulrvp
harishankar,meeradshenoy
rahulrvp,meeradshenoy
longtran812,Rohan210
longtran812,clay-to-n
Rohan210,clay-to-n
elizabethylin,pkayfire
elizabethylin,emilychen55
pkayfire,emilychen55
aroman,mirai
aroman,takumi
mirai,takumi
eappel,blancotech
eappel,yorios9313
blancotech,yorios9313
collinglass,Spurrya
collinglass,eisforinnovate
Spurrya,eisforinnovate
rniemo,marchese29
rniemo,amelius
marchese29,amelius
CodeGary,wynd07
CodeGary,LingZhong
wynd07,LingZhong
xyin,sidc93
xyin,priyadamico
sidc93,priyadamico
zachlatta,aroman
zachlatta,Ginto8
aroman,Ginto8
nlazaris,jtmarmon
nlazaris,gregthegeek
jtmarmon,gregthegeek
jhilmd,ethernetdan
jhilmd,davidfurlong
ethernetdan,davidfurlong
alexweil,chenliu
alexweil,DavidASchonfeld
chenliu,DavidASchonfeld
sammoore,paullee
sammoore,IsaiahJTurner
paullee,IsaiahJTurner
ktlyman,shankar1093
ktlyman,alexaaranjo
shankar1093,alexaaranjo
NoahS12213918,janum
garrettdreyfus,nmoroze
garrettdreyfus,loganengstrom
nmoroze,loganengstrom
Belos,jdude242
Belos,avarun
jdude242,avarun
DVLevine,rjbullet
DVLevine,mirimani
rjbullet,mirimani
justicesuh,rohvar98
justicesuh,stefan987654123
rohvar98,stefan987654123
coolbho3k,tadeegan
coolbho3k,vodoman123
tadeegan,vodoman123
mansilladev,vivekc
mansilladev,balifornia
vivekc,balifornia
erichahn,conorpp94
erichahn,yacoman89
conorpp94,yacoman89
jinjenni,djunshik
jinjenni,gnawang
djunshik,gnawang
nlauer,jlauer
nlauer,shaynalauer
jlauer,shaynalauer
ashrayj,allanteng
ashrayj,christiehua
allanteng,christiehua
szechy,mray190
szechy,katelyndunaski
mray190,katelyndunaski
elenimijalis,huapayadevan
elenimijalis,karriecheng
huapayadevan,karriecheng
fxsrt10,ryantay87
fxsrt10,smeriwetheree
ryantay87,smeriwetheree
tzuyangni,ckmiaomix
tzuyangni,catkimlee
ckmiaomix,catkimlee
aakashadesara,AshankPatil
mkeblx,AlvinVuong
mkeblx,yupan
AlvinVuong,yupan
datboitom,yiqin
datboitom,ariannasan
yiqin,ariannasan
keimoon,tamnd
demobo,char1ene
demobo,HaoHu
char1ene,HaoHu
wes1278,ocobri
wes1278,MsCorto
ocobri,MsCorto
ForrestP,JinT1
ForrestP,gulraizkhan
JinT1,gulraizkhan
dennisxl,billconan
dennisxl,fangqi
billconan,fangqi
arixel,daizhuo
arixel,hoyinlai
daizhuo,hoyinlai
dkermany,_Username
dkermany,wynd07
_Username,wynd07
marcgugliuzz3176,mcordellrobinson
nebulan,sdavala
makelikesmatter,KuraFire
markdurrant,ifraixedes
calvinlin,mqchau
calvinlin,RMJ93
mqchau,RMJ93
disco195,matanvr
Hristo,Velina
chourobin,vicishaweddy
chourobin,agameofprivacy
vicishaweddy,agameofprivacy
hashme,chulcher
hashme,jrye
chulcher,jrye
timotius,gabbychu
timotius,Roxybanik
gabbychu,Roxybanik
kashev,dahtguy
kashev,sulaimn2
dahtguy,sulaimn2
fhinson,AndrewNg
fhinson,sabard
AndrewNg,sabard
ChristopherY,DerekHe
NickFrey,conradev
NickFrey,veeralpatel
conradev,veeralpatel
bishoff1,minhazm
bishoff1,doomrobo
minhazm,doomrobo
zlawrence,yangas
zlawrence,jdrub
yangas,jdrub
yasyf,zhangd
yasyf,aneeshusa
zhangd,aneeshusa
